{
  "_format": "hh-sol-cache-2",
  "files": {
    "E:\\web3.0\\DAPP-TODO\\contract\\contracts\\ToDo.sol": {
      "lastModificationDate": 1715525919268,
      "contentHash": "0e1066744d3177e4aa0291a57cb95aef",
      "sourceName": "contracts/ToDo.sol",
      "solcConfig": {
        "version": "0.8.4",
        "settings": {
          "optimizer": {
            "enabled": false,
            "runs": 200
          },
          "outputSelection": {
            "*": {
              "*": [
                "abi",
                "evm.bytecode",
                "evm.deployedBytecode",
                "evm.methodIdentifiers",
                "metadata"
              ],
              "": [
                "ast"
              ]
            }
          }
        }
      },
      "imports": [],
      "versionPragmas": [
        "^0.8.4"
      ],
      "artifacts": [
        "ToDo"
      ]
    }
  }
}
